﻿<parameters>
  <parameter name="IIS Web Application Name" defaultValue="Default Web Site/Caespi/IS" tags="IisApp">
    <parameterEntry kind="ProviderPath" scope="IisApp" match="^C:\\GIT\\caspare\\31-ISRijksdienstWegVerkeer\\Minor\.Case2\.ISRDW\.Host\\obj\\Release\\Package\\PackageTmp$" />
    <parameterEntry kind="ProviderPath" scope="setAcl" match="^C:\\GIT\\caspare\\31-ISRijksdienstWegVerkeer\\Minor\.Case2\.ISRDW\.Host\\obj\\Release\\Package\\PackageTmp$" />
  </parameter>
  <parameter name="RDWDB-Deployment-Deployment Connection String" defaultValue="Data Source=.\SQLEXPRESS;Initial Catalog=Caespi_RDWDB;Integrated Security=True" tags="SqlConnectionString">
    <parameterEntry kind="ProviderPath" scope="DbFullSql" match="^C:\\GIT\\caspare\\31-ISRijksdienstWegVerkeer\\Minor\.Case2\.ISRDW\.Host\\obj\\Release\\AutoScripts\\RDWDB-Deployment_SchemaOnly\.sql$" />
    <parameterEntry kind="ProviderPath" scope="DbFullSql" match="^C:\\GIT\\caspare\\31-ISRijksdienstWegVerkeer\\Minor\.Case2\.ISRDW\.Host\\RDWGRANTscript\.sql$" />
  </parameter>
  <parameter name="RDWDB-Web.config Connection String" description="RDWDB Connection String used in web.config by the application to access the database." defaultValue="Data Source=.\SQLEXPRESS; Initial Catalog=Caespi_RDWDB; Integrated Security=True;" tags="SqlConnectionString">
    <parameterEntry kind="XmlFile" scope="C:\\GIT\\caspare\\31-ISRijksdienstWegVerkeer\\Minor\.Case2\.ISRDW\.Host\\obj\\Release\\Package\\PackageTmp\\Web\.config$" match="/configuration/connectionStrings/add[@name='RDWDB']/@connectionString" />
  </parameter>
</parameters>