﻿<parameters>
  <parameter name="IIS Web Application Name" defaultValue="Default Web Site/Caespi/BS" tags="IisApp">
    <parameterEntry kind="ProviderPath" scope="IisApp" match="^C:\\GIT\\caspare\\01-BSVoertuigEnKlantbeheer\\Minor\.Case2\.BSVoertuigEnKlantBeheer\.Host\\obj\\Release\\Package\\PackageTmp$" />
    <parameterEntry kind="ProviderPath" scope="setAcl" match="^C:\\GIT\\caspare\\01-BSVoertuigEnKlantbeheer\\Minor\.Case2\.BSVoertuigEnKlantBeheer\.Host\\obj\\Release\\Package\\PackageTmp$" />
  </parameter>
  <parameter name="BSKlantBeheerDB-Deployment-Deployment Connection String" defaultValue="Data Source=.\SQLEXPRESS;Initial Catalog=Caespi_BSKlantBeheerDB;Integrated Security=True" tags="SqlConnectionString">
    <parameterEntry kind="ProviderPath" scope="DbFullSql" match="^C:\\GIT\\caspare\\01-BSVoertuigEnKlantbeheer\\Minor\.Case2\.BSVoertuigEnKlantBeheer\.Host\\obj\\Release\\AutoScripts\\BSKlantBeheerDB-Deployment_SchemaAndData\.sql$" />
    <parameterEntry kind="ProviderPath" scope="DbFullSql" match="^C:\\GIT\\caspare\\01-BSVoertuigEnKlantbeheer\\Minor\.Case2\.BSVoertuigEnKlantBeheer\.Host\\KlantGRANTscript\.sql$" />
  </parameter>
  <parameter name="BSVoertuigBeheerDB-Deployment-Deployment Connection String" defaultValue="Data Source=.\SQLEXPRESS;Initial Catalog=Caespi_BSVoertuigBeheerDB;Integrated Security=True" tags="SqlConnectionString">
    <parameterEntry kind="ProviderPath" scope="DbFullSql" match="^C:\\GIT\\caspare\\01-BSVoertuigEnKlantbeheer\\Minor\.Case2\.BSVoertuigEnKlantBeheer\.Host\\obj\\Release\\AutoScripts\\BSVoertuigBeheerDB-Deployment_SchemaOnly\.sql$" />
    <parameterEntry kind="ProviderPath" scope="DbFullSql" match="^C:\\GIT\\caspare\\01-BSVoertuigEnKlantbeheer\\Minor\.Case2\.BSVoertuigEnKlantBeheer\.Host\\VoertuigGRANTscript\.sql$" />
  </parameter>
  <parameter name="BSKlantBeheerDB-Web.config Connection String" description="BSKlantBeheerDB Connection String used in web.config by the application to access the database." defaultValue="Data Source=.\SQLEXPRESS;Initial Catalog=Caespi_BSKlantBeheerDB;Integrated Security=true" tags="SqlConnectionString">
    <parameterEntry kind="XmlFile" scope="C:\\GIT\\caspare\\01-BSVoertuigEnKlantbeheer\\Minor\.Case2\.BSVoertuigEnKlantBeheer\.Host\\obj\\Release\\Package\\PackageTmp\\Web\.config$" match="/configuration/connectionStrings/add[@name='BSKlantBeheerDB']/@connectionString" />
  </parameter>
  <parameter name="BSVoertuigBeheerDB-Web.config Connection String" description="BSVoertuigBeheerDB Connection String used in web.config by the application to access the database." defaultValue="Data Source=.\SQLEXPRESS;Initial Catalog=Caespi_BSVoertuigBeheerDB;Integrated Security=true" tags="SqlConnectionString">
    <parameterEntry kind="XmlFile" scope="C:\\GIT\\caspare\\01-BSVoertuigEnKlantbeheer\\Minor\.Case2\.BSVoertuigEnKlantBeheer\.Host\\obj\\Release\\Package\\PackageTmp\\Web\.config$" match="/configuration/connectionStrings/add[@name='BSVoertuigBeheerDB']/@connectionString" />
  </parameter>
</parameters>